Journal_Id,2017,2018,2019,2020,2021,All_Years
23,0.0,1.0,1.0,1.0,0.0,True
30,0.0,0.0,0.0,0.0,0.0,False
37,1.0,1.0,1.0,1.0,0.0,True
56,1.0,1.0,1.0,1.0,0.0,True
193,1.0,1.0,1.0,1.0,1.0,True
202,1.0,1.0,1.0,1.0,0.0,True
207,0.0,0.0,0.0,0.0,0.0,False
213,0.0,0.0,0.0,0.0,0.0,False
238,0.0,0.0,0.0,0.0,0.0,False
264,0.0,0.0,0.0,0.0,0.0,False
288,0.0,0.0,0.0,0.0,0.0,False
304,1.0,1.0,1.0,1.0,1.0,True
306,0.0,0.0,0.0,0.0,0.0,False
317,0.0,0.0,0.0,0.0,0.0,False
328,1.0,1.0,1.0,1.0,0.0,True
356,1.0,1.0,1.0,1.0,0.0,True
358,0.0,0.0,0.0,0.0,0.0,False
363,0.0,0.0,0.0,0.0,0.0,False
365,1.0,1.0,1.0,1.0,0.0,True
390,0.0,1.0,1.0,1.0,1.0,True
423,1.0,1.0,1.0,1.0,0.0,True
424,1.0,1.0,1.0,1.0,1.0,True
462,0.0,0.0,0.0,0.0,0.0,False
465,0.0,0.0,0.0,0.0,0.0,False
466,0.0,0.0,0.0,0.0,0.0,False
469,0.0,0.0,0.0,0.0,0.0,False
479,0.0,0.0,0.0,0.0,0.0,False
626,1.0,1.0,0.0,0.0,0.0,True
681,0.0,0.0,0.0,0.0,0.0,False
685,0.0,0.0,0.0,0.0,0.0,False
686,0.0,0.0,0.0,0.0,0.0,False
697,1.0,1.0,1.0,0.0,0.0,True
723,0.0,1.0,1.0,1.0,0.0,True
794,0.0,1.0,1.0,1.0,0.0,True
796,1.0,1.0,1.0,1.0,0.0,True
804,1.0,1.0,1.0,1.0,0.0,True
813,0.0,1.0,1.0,1.0,0.0,True
913,0.0,0.0,0.0,0.0,0.0,False
915,1.0,1.0,1.0,1.0,0.0,True
933,0.0,1.0,1.0,0.0,0.0,True
935,0.0,0.0,0.0,0.0,0.0,False
940,0.0,0.0,0.0,0.0,0.0,False
941,1.0,1.0,1.0,1.0,0.0,True
977,0.0,0.0,0.0,0.0,0.0,False
990,1.0,1.0,1.0,1.0,0.0,True
1054,1.0,1.0,1.0,1.0,0.0,True
1071,1.0,1.0,1.0,0.0,0.0,True
1073,0.0,1.0,1.0,1.0,0.0,True
1077,0.0,1.0,1.0,1.0,0.0,True
1083,0.0,0.0,0.0,0.0,0.0,False
1084,0.0,0.0,0.0,0.0,0.0,False
1085,1.0,1.0,1.0,1.0,0.0,True
1086,0.0,0.0,0.0,0.0,0.0,False
1112,1.0,1.0,1.0,1.0,1.0,True
1119,1.0,1.0,1.0,1.0,0.0,True
1122,1.0,0.0,0.0,0.0,0.0,True
1128,1.0,1.0,0.0,1.0,0.0,True
1144,0.0,0.0,0.0,0.0,0.0,False
1188,1.0,1.0,1.0,1.0,1.0,True
1215,1.0,1.0,1.0,0.0,0.0,True
1217,0.0,0.0,0.0,0.0,0.0,False
1245,1.0,1.0,1.0,1.0,0.0,True
1248,1.0,1.0,1.0,1.0,0.0,True
1261,1.0,1.0,1.0,1.0,0.0,True
1274,0.0,1.0,1.0,1.0,0.0,True
1290,1.0,1.0,1.0,1.0,0.0,True
1294,0.0,1.0,1.0,1.0,0.0,True
1310,1.0,1.0,1.0,1.0,0.0,True
1324,1.0,0.0,0.0,0.0,0.0,True
1404,0.0,0.0,0.0,0.0,0.0,False
1447,0.0,1.0,1.0,1.0,0.0,True
1462,1.0,1.0,1.0,1.0,0.0,True
1465,1.0,1.0,1.0,1.0,0.0,True
1482,1.0,1.0,1.0,1.0,0.0,True
1497,0.0,0.0,0.0,0.0,0.0,False
1524,0.0,0.0,0.0,0.0,0.0,False
1616,1.0,1.0,1.0,1.0,0.0,True
1626,0.0,0.0,0.0,0.0,0.0,False
1645,1.0,1.0,1.0,1.0,0.0,True
1662,0.0,0.0,0.0,0.0,0.0,False
1665,1.0,1.0,1.0,0.0,0.0,True
1710,0.0,1.0,1.0,1.0,0.0,True
1727,0.0,0.0,0.0,0.0,0.0,False
1758,0.0,0.0,0.0,0.0,0.0,False
1764,1.0,1.0,1.0,0.0,0.0,True
1777,1.0,1.0,1.0,1.0,0.0,True
1795,1.0,1.0,1.0,1.0,0.0,True
1818,1.0,1.0,1.0,1.0,0.0,True
1819,0.0,1.0,1.0,1.0,0.0,True
1824,1.0,1.0,0.0,1.0,0.0,True
1841,0.0,1.0,1.0,1.0,0.0,True
1865,1.0,1.0,1.0,1.0,0.0,True
1871,0.0,1.0,1.0,1.0,0.0,True
1876,0.0,0.0,0.0,0.0,0.0,False
1885,1.0,1.0,1.0,1.0,0.0,True
1961,0.0,0.0,0.0,0.0,0.0,False
1976,1.0,1.0,1.0,1.0,0.0,True
2031,1.0,1.0,1.0,1.0,0.0,True
2045,0.0,0.0,0.0,0.0,0.0,False
2071,0.0,0.0,0.0,0.0,0.0,False
2083,0.0,0.0,0.0,0.0,0.0,False
2110,1.0,1.0,1.0,1.0,0.0,True
2128,1.0,0.0,0.0,0.0,0.0,True
2138,0.0,0.0,0.0,0.0,0.0,False
2151,1.0,1.0,1.0,1.0,0.0,True
2254,1.0,1.0,1.0,1.0,0.0,True
2260,1.0,1.0,1.0,1.0,0.0,True
2163,1.0,1.0,1.0,1.0,0.0,True
2165,0.0,1.0,1.0,1.0,0.0,True
2186,1.0,1.0,1.0,1.0,0.0,True
2191,1.0,1.0,1.0,1.0,0.0,True
2216,1.0,1.0,1.0,1.0,0.0,True
2246,1.0,1.0,1.0,1.0,0.0,True
2277,0.0,0.0,0.0,0.0,0.0,False
2289,1.0,1.0,0.0,1.0,0.0,True
2290,0.0,0.0,0.0,0.0,0.0,False
2380,1.0,1.0,1.0,1.0,0.0,True
2382,1.0,1.0,1.0,1.0,0.0,True
2390,1.0,1.0,1.0,1.0,0.0,True
2397,0.0,0.0,0.0,0.0,0.0,False
2400,0.0,1.0,1.0,1.0,0.0,True
2401,1.0,0.0,1.0,1.0,0.0,True
2405,0.0,0.0,0.0,0.0,0.0,False
2406,1.0,1.0,0.0,1.0,0.0,True
2417,1.0,1.0,1.0,1.0,0.0,True
2418,0.0,1.0,1.0,1.0,0.0,True
2419,0.0,1.0,1.0,1.0,0.0,True
2421,1.0,1.0,1.0,1.0,0.0,True
2425,0.0,0.0,0.0,0.0,0.0,False
2428,0.0,1.0,1.0,1.0,0.0,True
2436,0.0,0.0,0.0,0.0,0.0,False
2441,1.0,1.0,1.0,1.0,0.0,True
2454,1.0,1.0,0.0,0.0,0.0,True
2456,0.0,1.0,1.0,1.0,0.0,True
2457,1.0,1.0,1.0,1.0,0.0,True
2460,1.0,1.0,1.0,1.0,0.0,True
2471,0.0,1.0,1.0,1.0,0.0,True
2475,1.0,1.0,1.0,1.0,0.0,True
2481,0.0,0.0,0.0,1.0,0.0,True
2488,1.0,1.0,1.0,1.0,0.0,True
2506,1.0,0.0,0.0,0.0,0.0,True
2595,1.0,1.0,1.0,1.0,0.0,True
2605,1.0,1.0,1.0,1.0,0.0,True
2611,0.0,1.0,1.0,1.0,0.0,True
2613,0.0,0.0,0.0,0.0,0.0,False
2616,0.0,0.0,0.0,0.0,0.0,False
2638,1.0,1.0,1.0,1.0,0.0,True
2644,1.0,1.0,1.0,1.0,0.0,True
2681,0.0,0.0,0.0,0.0,0.0,False
2692,0.0,0.0,0.0,0.0,0.0,False
2787,1.0,1.0,1.0,1.0,0.0,True
2791,0.0,0.0,0.0,0.0,0.0,False
2792,1.0,1.0,1.0,1.0,0.0,True
2810,0.0,0.0,0.0,0.0,0.0,False
2836,0.0,0.0,0.0,0.0,0.0,False
2838,0.0,0.0,0.0,0.0,0.0,False
2857,0.0,0.0,0.0,0.0,0.0,False
2892,1.0,1.0,1.0,1.0,0.0,True
2918,1.0,1.0,1.0,1.0,0.0,True
2919,1.0,1.0,1.0,1.0,0.0,True
2933,1.0,1.0,1.0,1.0,0.0,True
2973,0.0,0.0,0.0,0.0,0.0,False
2985,0.0,0.0,0.0,0.0,0.0,False
2991,1.0,1.0,1.0,1.0,0.0,True
3001,1.0,1.0,0.0,1.0,0.0,True
3006,1.0,1.0,1.0,1.0,0.0,True
3007,0.0,0.0,0.0,0.0,0.0,False
3008,0.0,0.0,0.0,0.0,0.0,False
3009,0.0,0.0,0.0,0.0,0.0,False
3014,1.0,1.0,1.0,1.0,0.0,True
3109,0.0,0.0,0.0,0.0,0.0,False
3149,0.0,1.0,1.0,1.0,0.0,True
3161,0.0,0.0,0.0,0.0,0.0,False
3187,1.0,1.0,1.0,1.0,0.0,True
3263,1.0,1.0,1.0,1.0,0.0,True
3264,0.0,1.0,1.0,1.0,0.0,True
3266,0.0,0.0,0.0,1.0,0.0,True
3267,0.0,1.0,1.0,1.0,0.0,True
3270,0.0,1.0,1.0,1.0,0.0,True
3272,0.0,1.0,1.0,1.0,0.0,True
3276,1.0,1.0,1.0,1.0,0.0,True
3277,0.0,1.0,1.0,1.0,0.0,True
3278,1.0,1.0,1.0,1.0,0.0,True
3283,0.0,1.0,1.0,1.0,0.0,True
3284,1.0,1.0,0.0,1.0,0.0,True
3285,0.0,1.0,1.0,1.0,0.0,True
3287,0.0,0.0,0.0,0.0,0.0,False
3300,0.0,1.0,1.0,1.0,0.0,True
3307,0.0,1.0,1.0,1.0,0.0,True
3310,1.0,1.0,1.0,1.0,0.0,True
3313,1.0,1.0,0.0,1.0,0.0,True
3343,0.0,0.0,0.0,0.0,0.0,False
3409,0.0,0.0,0.0,0.0,0.0,False
3425,1.0,1.0,1.0,1.0,0.0,True
3537,1.0,1.0,1.0,1.0,0.0,True
3542,0.0,1.0,1.0,0.0,0.0,True
3550,0.0,1.0,1.0,1.0,0.0,True
3551,0.0,0.0,0.0,0.0,0.0,False
3655,1.0,1.0,1.0,1.0,0.0,True
3670,1.0,1.0,1.0,1.0,0.0,True
3695,1.0,1.0,1.0,1.0,0.0,True
3712,1.0,1.0,1.0,1.0,0.0,True
3718,1.0,1.0,1.0,1.0,1.0,True
3749,0.0,0.0,0.0,0.0,0.0,False
3756,1.0,1.0,0.0,1.0,0.0,True
3884,0.0,0.0,0.0,0.0,0.0,False
3885,1.0,1.0,1.0,1.0,0.0,True
3902,1.0,1.0,1.0,1.0,0.0,True
3924,0.0,0.0,0.0,0.0,0.0,False
3926,1.0,1.0,1.0,1.0,0.0,True
3943,1.0,1.0,1.0,1.0,1.0,True
3955,0.0,1.0,1.0,1.0,0.0,True
3978,0.0,0.0,0.0,0.0,0.0,False
4016,0.0,0.0,0.0,0.0,0.0,False
4017,1.0,0.0,0.0,0.0,0.0,True
4022,1.0,1.0,1.0,1.0,0.0,True
4026,1.0,1.0,1.0,1.0,0.0,True
4049,0.0,0.0,0.0,0.0,0.0,False
4052,0.0,0.0,0.0,0.0,0.0,False
4053,0.0,0.0,0.0,0.0,0.0,False
4054,0.0,0.0,0.0,0.0,0.0,False
4058,0.0,0.0,0.0,0.0,0.0,False
4059,0.0,0.0,0.0,0.0,0.0,False
4060,0.0,0.0,0.0,0.0,0.0,False
4073,0.0,0.0,0.0,0.0,0.0,False
4074,0.0,0.0,0.0,0.0,0.0,False
4082,0.0,0.0,0.0,0.0,0.0,False
4094,0.0,0.0,0.0,1.0,0.0,True
4098,1.0,1.0,1.0,1.0,0.0,True
4099,0.0,1.0,1.0,1.0,0.0,True
4108,1.0,1.0,1.0,1.0,0.0,True
4118,0.0,1.0,1.0,1.0,1.0,True
4123,0.0,1.0,1.0,1.0,0.0,True
4137,0.0,0.0,0.0,1.0,0.0,True
4185,0.0,0.0,0.0,0.0,0.0,False
4222,1.0,1.0,1.0,1.0,1.0,True
4302,1.0,1.0,1.0,1.0,0.0,True
4312,0.0,1.0,1.0,1.0,0.0,True
4323,0.0,0.0,0.0,0.0,0.0,False
4345,1.0,1.0,1.0,1.0,0.0,True
4346,0.0,0.0,0.0,0.0,0.0,False
4347,0.0,1.0,1.0,1.0,0.0,True
4348,1.0,1.0,1.0,1.0,0.0,True
4351,0.0,1.0,1.0,1.0,1.0,True
4356,0.0,1.0,1.0,1.0,1.0,True
4364,1.0,1.0,1.0,1.0,0.0,True
4366,1.0,1.0,1.0,1.0,0.0,True
4368,1.0,1.0,1.0,1.0,0.0,True
4385,1.0,1.0,1.0,1.0,0.0,True
4401,0.0,1.0,1.0,1.0,0.0,True
4410,1.0,1.0,1.0,1.0,0.0,True
4418,1.0,1.0,1.0,1.0,0.0,True
4464,0.0,0.0,0.0,0.0,0.0,False
4490,0.0,1.0,0.0,0.0,0.0,True
4492,0.0,0.0,0.0,0.0,0.0,False
4494,0.0,1.0,1.0,1.0,0.0,True
4507,0.0,1.0,1.0,1.0,1.0,True
4518,1.0,1.0,1.0,1.0,0.0,True
4519,0.0,1.0,1.0,1.0,0.0,True
4521,1.0,1.0,1.0,1.0,0.0,True
4546,1.0,1.0,1.0,1.0,0.0,True
4581,0.0,0.0,0.0,0.0,0.0,False
4583,1.0,1.0,1.0,1.0,0.0,True
4594,0.0,0.0,0.0,0.0,0.0,False
4671,1.0,1.0,1.0,1.0,0.0,True
4672,1.0,1.0,1.0,1.0,0.0,True
4674,1.0,1.0,1.0,1.0,0.0,True
4722,0.0,0.0,0.0,0.0,0.0,False
4754,1.0,1.0,1.0,1.0,1.0,True
4766,0.0,1.0,1.0,1.0,0.0,True
4827,0.0,0.0,0.0,0.0,0.0,False
4835,0.0,0.0,0.0,0.0,0.0,False
4851,1.0,1.0,1.0,1.0,0.0,True
4882,1.0,1.0,0.0,1.0,0.0,True
4902,0.0,0.0,0.0,0.0,0.0,False
4904,1.0,1.0,1.0,1.0,0.0,True
4905,1.0,1.0,1.0,1.0,0.0,True
4913,1.0,1.0,1.0,1.0,0.0,True
4941,1.0,1.0,1.0,1.0,0.0,True
4993,0.0,0.0,0.0,0.0,0.0,False
4994,1.0,1.0,0.0,0.0,0.0,True
4995,1.0,1.0,0.0,0.0,0.0,True
4998,1.0,1.0,1.0,1.0,0.0,True
4999,0.0,0.0,0.0,0.0,0.0,False
5008,1.0,1.0,1.0,1.0,0.0,True
5013,1.0,1.0,1.0,1.0,0.0,True
5014,1.0,1.0,1.0,0.0,0.0,True
5028,1.0,1.0,1.0,1.0,0.0,True
5034,0.0,0.0,0.0,0.0,0.0,False
5046,0.0,1.0,1.0,1.0,1.0,True
5068,0.0,0.0,0.0,0.0,0.0,False
5107,0.0,0.0,0.0,0.0,0.0,False
5125,0.0,0.0,0.0,0.0,0.0,False
5143,1.0,1.0,0.0,1.0,0.0,True
5146,0.0,1.0,1.0,1.0,0.0,True
5178,1.0,1.0,1.0,1.0,0.0,True
5188,0.0,1.0,1.0,1.0,0.0,True
5199,1.0,1.0,1.0,1.0,0.0,True
5200,1.0,1.0,1.0,1.0,0.0,True
5224,1.0,1.0,1.0,1.0,0.0,True
5287,1.0,0.0,0.0,0.0,0.0,True
5318,0.0,0.0,0.0,0.0,0.0,False
5563,0.0,0.0,0.0,0.0,0.0,False
5567,0.0,0.0,0.0,0.0,0.0,False
5587,1.0,1.0,1.0,1.0,0.0,True
5589,1.0,1.0,1.0,1.0,0.0,True
5590,1.0,1.0,1.0,1.0,0.0,True
5629,0.0,0.0,0.0,0.0,0.0,False
5639,1.0,1.0,1.0,1.0,0.0,True
5681,0.0,1.0,1.0,1.0,0.0,True
5684,0.0,0.0,0.0,0.0,0.0,False
5685,1.0,1.0,1.0,1.0,0.0,True
5721,0.0,0.0,0.0,0.0,0.0,False
5722,1.0,1.0,1.0,1.0,0.0,True
5762,0.0,1.0,1.0,1.0,0.0,True
5766,0.0,0.0,0.0,1.0,0.0,True
5772,0.0,1.0,0.0,1.0,0.0,True
5774,1.0,1.0,1.0,1.0,0.0,True
5780,1.0,1.0,1.0,1.0,0.0,True
5781,0.0,0.0,0.0,0.0,0.0,False
5783,1.0,0.0,1.0,1.0,0.0,True
5788,0.0,1.0,1.0,1.0,0.0,True
5791,1.0,1.0,1.0,1.0,0.0,True
5826,0.0,0.0,1.0,1.0,0.0,True
5827,0.0,0.0,0.0,1.0,0.0,True
5830,1.0,1.0,0.0,0.0,0.0,True
5841,1.0,1.0,1.0,1.0,0.0,True
5850,1.0,1.0,1.0,0.0,0.0,True
5854,1.0,1.0,1.0,1.0,0.0,True
5869,0.0,0.0,0.0,0.0,0.0,False
5893,1.0,1.0,1.0,1.0,0.0,True
5901,1.0,1.0,1.0,1.0,0.0,True
5911,1.0,0.0,0.0,0.0,0.0,True
5925,0.0,0.0,0.0,0.0,0.0,False
5958,0.0,0.0,0.0,0.0,0.0,False
5970,0.0,0.0,1.0,1.0,0.0,True
6042,1.0,1.0,1.0,1.0,0.0,True
6062,1.0,1.0,1.0,1.0,0.0,True
6099,1.0,1.0,1.0,1.0,0.0,True
6114,1.0,1.0,1.0,1.0,0.0,True
6135,1.0,1.0,1.0,1.0,1.0,True
6177,1.0,1.0,1.0,1.0,0.0,True
6218,0.0,0.0,0.0,0.0,0.0,False
6181,0.0,0.0,0.0,0.0,0.0,False
6183,1.0,1.0,1.0,1.0,0.0,True
6198,0.0,1.0,1.0,1.0,0.0,True
6201,0.0,1.0,1.0,1.0,0.0,True
6215,1.0,1.0,1.0,1.0,1.0,True
6217,1.0,1.0,1.0,1.0,1.0,True
6221,0.0,0.0,0.0,0.0,0.0,False
6227,0.0,1.0,1.0,1.0,0.0,True
6242,1.0,1.0,1.0,1.0,0.0,True
6243,0.0,0.0,0.0,0.0,0.0,False
6245,0.0,0.0,0.0,0.0,0.0,False
6247,0.0,1.0,1.0,1.0,0.0,True
6251,0.0,1.0,1.0,1.0,1.0,True
6253,0.0,1.0,1.0,1.0,0.0,True
6262,0.0,0.0,0.0,0.0,0.0,False
6275,0.0,0.0,0.0,0.0,0.0,False
6329,1.0,1.0,1.0,1.0,0.0,True
6331,0.0,0.0,0.0,0.0,0.0,False
6350,1.0,1.0,1.0,1.0,0.0,True
6403,1.0,1.0,1.0,1.0,0.0,True
6405,0.0,0.0,0.0,0.0,0.0,False
6429,0.0,0.0,0.0,0.0,0.0,False
6443,0.0,0.0,0.0,0.0,0.0,False
6444,0.0,0.0,0.0,0.0,0.0,False
6445,0.0,0.0,0.0,0.0,0.0,False
6450,1.0,1.0,1.0,1.0,0.0,True
6460,0.0,0.0,0.0,0.0,0.0,False
6526,1.0,1.0,1.0,1.0,0.0,True
6555,1.0,0.0,0.0,0.0,0.0,True
6584,0.0,0.0,0.0,0.0,0.0,False
6645,1.0,1.0,1.0,1.0,0.0,True
6669,0.0,0.0,0.0,0.0,0.0,False
6693,1.0,1.0,1.0,1.0,0.0,True
6695,0.0,1.0,1.0,1.0,0.0,True
6699,1.0,0.0,0.0,0.0,0.0,True
6721,1.0,1.0,0.0,1.0,0.0,True
6760,0.0,0.0,0.0,0.0,0.0,False
6766,0.0,1.0,1.0,1.0,0.0,True
6784,1.0,0.0,1.0,1.0,0.0,True
6801,1.0,1.0,1.0,1.0,1.0,True
6803,1.0,1.0,1.0,1.0,0.0,True
6806,1.0,1.0,1.0,1.0,0.0,True
6830,0.0,0.0,0.0,0.0,0.0,False
6841,0.0,0.0,0.0,0.0,0.0,False
6846,1.0,1.0,1.0,1.0,1.0,True
6930,0.0,0.0,0.0,0.0,0.0,False
6967,0.0,0.0,0.0,0.0,0.0,False
6999,1.0,1.0,1.0,1.0,0.0,True
7031,1.0,1.0,1.0,1.0,0.0,True
7038,0.0,1.0,1.0,1.0,0.0,True
7059,0.0,0.0,0.0,0.0,0.0,False
7062,0.0,0.0,0.0,0.0,0.0,False
7070,0.0,0.0,0.0,0.0,0.0,False
7074,1.0,1.0,1.0,1.0,0.0,True
7085,1.0,1.0,1.0,1.0,0.0,True
7096,0.0,1.0,1.0,1.0,0.0,True
7104,0.0,1.0,1.0,1.0,0.0,True
7116,1.0,1.0,1.0,1.0,0.0,True
7126,0.0,0.0,0.0,0.0,0.0,False
7127,1.0,1.0,0.0,1.0,0.0,True
7131,0.0,0.0,0.0,0.0,0.0,False
7143,1.0,1.0,1.0,1.0,0.0,True
7156,0.0,0.0,0.0,1.0,0.0,True
7157,0.0,1.0,1.0,1.0,0.0,True
7166,0.0,1.0,1.0,1.0,0.0,True
7167,0.0,0.0,0.0,0.0,0.0,False
7176,1.0,1.0,1.0,1.0,0.0,True
7182,1.0,1.0,1.0,1.0,0.0,True
7207,0.0,1.0,1.0,1.0,0.0,True
7214,0.0,1.0,1.0,1.0,0.0,True
7236,1.0,1.0,1.0,1.0,0.0,True
7279,0.0,0.0,0.0,0.0,0.0,False
7305,0.0,0.0,0.0,0.0,0.0,False
7323,1.0,1.0,1.0,1.0,0.0,True
7324,1.0,1.0,1.0,1.0,0.0,True
7329,0.0,1.0,1.0,1.0,0.0,True
7367,1.0,1.0,1.0,1.0,0.0,True
7387,0.0,1.0,1.0,0.0,0.0,True
7389,0.0,0.0,0.0,0.0,0.0,False
7424,1.0,1.0,1.0,1.0,0.0,True
7463,0.0,0.0,0.0,0.0,0.0,False
7464,1.0,1.0,1.0,1.0,0.0,True
7468,1.0,1.0,1.0,1.0,0.0,True
7469,1.0,1.0,1.0,1.0,0.0,True
7491,1.0,1.0,1.0,1.0,1.0,True
7497,0.0,0.0,0.0,0.0,0.0,False
7499,0.0,0.0,0.0,0.0,0.0,False
7515,0.0,0.0,0.0,0.0,0.0,False
7518,0.0,0.0,0.0,0.0,0.0,False
7520,0.0,0.0,0.0,0.0,0.0,False
7524,0.0,0.0,0.0,0.0,0.0,False
7533,0.0,0.0,0.0,0.0,0.0,False
7548,0.0,0.0,0.0,0.0,0.0,False
7577,1.0,1.0,1.0,1.0,0.0,True
7585,1.0,1.0,1.0,1.0,0.0,True
7586,1.0,1.0,1.0,1.0,0.0,True
7594,1.0,1.0,1.0,1.0,0.0,True
7602,0.0,0.0,0.0,0.0,0.0,False
7606,1.0,1.0,1.0,1.0,0.0,True
7608,0.0,1.0,1.0,1.0,0.0,True
7614,0.0,1.0,1.0,1.0,0.0,True
7615,0.0,1.0,1.0,1.0,0.0,True
7617,0.0,0.0,0.0,0.0,0.0,False
7628,1.0,1.0,1.0,1.0,1.0,True
7648,0.0,0.0,0.0,0.0,0.0,False
7718,0.0,0.0,0.0,0.0,0.0,False
7720,0.0,0.0,0.0,0.0,0.0,False
7725,0.0,0.0,0.0,0.0,0.0,False
7733,0.0,0.0,0.0,0.0,0.0,False
7750,1.0,1.0,1.0,1.0,0.0,True
7773,0.0,0.0,0.0,0.0,0.0,False
7781,1.0,1.0,1.0,1.0,0.0,True
7796,0.0,0.0,0.0,0.0,0.0,False
7850,1.0,1.0,1.0,1.0,0.0,True
7952,0.0,0.0,0.0,0.0,0.0,False
7962,1.0,1.0,1.0,1.0,0.0,True
7969,1.0,1.0,1.0,1.0,0.0,True
8017,0.0,0.0,1.0,1.0,0.0,True
8053,1.0,1.0,1.0,1.0,0.0,True
8063,0.0,1.0,1.0,1.0,0.0,True
8069,0.0,0.0,0.0,0.0,0.0,False
8092,1.0,1.0,1.0,1.0,0.0,True
8093,0.0,1.0,1.0,1.0,0.0,True
8094,0.0,0.0,0.0,0.0,0.0,False
8095,0.0,0.0,0.0,0.0,0.0,False
8097,1.0,1.0,1.0,1.0,0.0,True
8100,1.0,1.0,1.0,1.0,0.0,True
8139,1.0,1.0,1.0,1.0,0.0,True
8140,1.0,1.0,1.0,1.0,0.0,True
8158,0.0,0.0,0.0,0.0,0.0,False
8161,0.0,0.0,0.0,0.0,0.0,False
8162,0.0,0.0,0.0,0.0,0.0,False
8164,1.0,1.0,1.0,1.0,0.0,True
8167,1.0,1.0,1.0,1.0,0.0,True
8186,0.0,1.0,1.0,1.0,0.0,True
8199,1.0,1.0,1.0,1.0,0.0,True
8217,0.0,0.0,0.0,0.0,0.0,False
8219,1.0,0.0,1.0,1.0,1.0,True
8239,1.0,1.0,1.0,1.0,0.0,True
8257,1.0,1.0,1.0,1.0,0.0,True
8258,0.0,1.0,1.0,0.0,0.0,True
8260,0.0,0.0,1.0,1.0,0.0,True
8263,0.0,0.0,0.0,0.0,0.0,False
8266,0.0,1.0,1.0,1.0,0.0,True
8312,1.0,1.0,1.0,1.0,1.0,True
8320,0.0,1.0,1.0,1.0,1.0,True
8325,0.0,0.0,0.0,0.0,0.0,False
8358,1.0,1.0,1.0,1.0,0.0,True
8388,1.0,1.0,1.0,1.0,0.0,True
8389,0.0,0.0,0.0,0.0,0.0,False
8412,0.0,1.0,1.0,1.0,0.0,True
8413,1.0,1.0,1.0,1.0,0.0,True
8428,0.0,0.0,0.0,0.0,0.0,False
8429,0.0,0.0,0.0,1.0,0.0,True
8439,1.0,1.0,1.0,1.0,0.0,True
8458,0.0,0.0,0.0,0.0,0.0,False
8476,1.0,1.0,1.0,1.0,0.0,True
8555,1.0,1.0,0.0,1.0,1.0,True
8560,0.0,0.0,0.0,0.0,0.0,False
8562,1.0,1.0,1.0,1.0,0.0,True
8565,0.0,1.0,1.0,1.0,0.0,True
8579,1.0,1.0,1.0,1.0,0.0,True
8587,0.0,0.0,1.0,1.0,0.0,True
8589,0.0,1.0,1.0,1.0,0.0,True
8612,1.0,1.0,1.0,1.0,0.0,True
8640,0.0,1.0,1.0,1.0,0.0,True
8651,1.0,1.0,1.0,1.0,0.0,True
8656,0.0,0.0,0.0,0.0,0.0,False
8658,1.0,1.0,0.0,1.0,0.0,True
8666,1.0,1.0,1.0,1.0,0.0,True
8676,0.0,0.0,0.0,0.0,0.0,False
8678,1.0,0.0,1.0,1.0,0.0,True
8683,0.0,0.0,0.0,0.0,0.0,False
8697,1.0,1.0,0.0,0.0,0.0,True
8721,1.0,1.0,1.0,1.0,0.0,True
8732,1.0,1.0,1.0,1.0,0.0,True
8749,1.0,1.0,1.0,1.0,0.0,True
8757,1.0,1.0,1.0,0.0,0.0,True
8768,1.0,1.0,1.0,0.0,0.0,True
8780,0.0,1.0,1.0,0.0,0.0,True
8788,1.0,1.0,1.0,1.0,0.0,True
8794,0.0,0.0,0.0,0.0,0.0,False
8809,1.0,1.0,1.0,1.0,1.0,True
8875,0.0,0.0,0.0,0.0,0.0,False
8887,1.0,1.0,1.0,1.0,1.0,True
8889,0.0,0.0,0.0,0.0,0.0,False
8890,0.0,0.0,0.0,0.0,0.0,False
8895,1.0,1.0,1.0,1.0,0.0,True
8910,1.0,1.0,1.0,1.0,0.0,True
8916,1.0,1.0,1.0,1.0,0.0,True
8921,1.0,1.0,1.0,1.0,0.0,True
8923,1.0,1.0,1.0,1.0,0.0,True
8925,0.0,1.0,1.0,1.0,0.0,True
8964,1.0,1.0,1.0,1.0,0.0,True
8989,0.0,0.0,1.0,1.0,0.0,True
9292,1.0,1.0,1.0,1.0,0.0,True
9392,0.0,0.0,0.0,0.0,0.0,False
9412,1.0,1.0,1.0,1.0,0.0,True
9414,0.0,1.0,1.0,1.0,1.0,True
9441,0.0,0.0,0.0,0.0,0.0,False
9523,1.0,1.0,1.0,1.0,0.0,True
9548,0.0,1.0,1.0,1.0,0.0,True
9549,1.0,1.0,1.0,1.0,0.0,True
9555,1.0,1.0,1.0,1.0,0.0,True
9557,1.0,1.0,1.0,1.0,0.0,True
9582,0.0,0.0,0.0,0.0,0.0,False
9628,0.0,1.0,1.0,1.0,1.0,True
9701,0.0,1.0,1.0,1.0,0.0,True
9702,1.0,1.0,1.0,1.0,0.0,True
9751,0.0,0.0,0.0,0.0,0.0,False
9759,1.0,1.0,1.0,1.0,0.0,True
9774,1.0,1.0,1.0,1.0,0.0,True
9824,1.0,1.0,1.0,1.0,0.0,True
9830,0.0,0.0,0.0,0.0,0.0,False
9877,1.0,1.0,1.0,1.0,0.0,True
9881,1.0,1.0,1.0,1.0,0.0,True
9888,0.0,0.0,0.0,0.0,0.0,False
9903,1.0,1.0,1.0,1.0,0.0,True
9917,1.0,1.0,1.0,1.0,0.0,True
9919,1.0,1.0,1.0,1.0,0.0,True
9920,1.0,1.0,1.0,1.0,1.0,True
9953,1.0,1.0,1.0,1.0,0.0,True
10000,0.0,0.0,0.0,0.0,0.0,False
10007,1.0,1.0,1.0,1.0,1.0,True
10016,1.0,1.0,1.0,1.0,0.0,True
10022,1.0,1.0,1.0,1.0,0.0,True
10032,0.0,1.0,1.0,1.0,0.0,True
10046,0.0,1.0,1.0,1.0,0.0,True
10114,1.0,1.0,1.0,1.0,1.0,True
10126,0.0,1.0,1.0,1.0,1.0,True
10136,1.0,1.0,1.0,1.0,0.0,True
10139,0.0,1.0,0.0,0.0,0.0,True
10151,1.0,1.0,1.0,1.0,0.0,True
10170,1.0,1.0,1.0,1.0,0.0,True
10225,0.0,0.0,1.0,1.0,0.0,True
10238,0.0,1.0,1.0,1.0,0.0,True
10258,0.0,1.0,1.0,1.0,0.0,True
10268,1.0,1.0,1.0,1.0,0.0,True
10271,1.0,1.0,1.0,1.0,0.0,True
10320,0.0,1.0,1.0,1.0,0.0,True
10370,1.0,1.0,1.0,1.0,0.0,True
10413,0.0,0.0,0.0,0.0,0.0,False
10419,1.0,1.0,1.0,1.0,0.0,True
10427,1.0,1.0,1.0,1.0,0.0,True
10440,0.0,1.0,1.0,1.0,0.0,True
10475,1.0,1.0,1.0,1.0,1.0,True
10495,0.0,0.0,0.0,0.0,0.0,False
10532,0.0,0.0,0.0,0.0,0.0,False
10552,1.0,1.0,1.0,1.0,0.0,True
10553,0.0,1.0,1.0,1.0,0.0,True
10636,1.0,1.0,1.0,1.0,1.0,True
10640,0.0,0.0,0.0,0.0,0.0,False
10657,1.0,1.0,1.0,1.0,0.0,True
10721,1.0,1.0,1.0,1.0,0.0,True
10777,1.0,1.0,1.0,1.0,0.0,True
10850,1.0,1.0,1.0,1.0,0.0,True
10855,1.0,1.0,1.0,1.0,0.0,True
10866,1.0,1.0,1.0,1.0,0.0,True
10876,1.0,1.0,1.0,1.0,0.0,True
10880,1.0,1.0,1.0,1.0,0.0,True
10882,0.0,0.0,0.0,0.0,0.0,False
10897,1.0,1.0,1.0,1.0,0.0,True
10925,1.0,1.0,1.0,1.0,0.0,True
10929,0.0,1.0,1.0,0.0,0.0,True
10960,0.0,1.0,1.0,1.0,0.0,True
10988,0.0,0.0,0.0,0.0,0.0,False
11047,1.0,1.0,1.0,1.0,1.0,True
11084,0.0,1.0,1.0,1.0,1.0,True
11093,1.0,1.0,1.0,1.0,1.0,True
11101,1.0,1.0,1.0,1.0,1.0,True
11110,0.0,1.0,1.0,1.0,0.0,True
11149,1.0,1.0,1.0,1.0,0.0,True
11194,0.0,0.0,0.0,0.0,0.0,False
11223,1.0,1.0,1.0,1.0,0.0,True
11273,0.0,1.0,1.0,1.0,0.0,True
11276,0.0,1.0,1.0,1.0,0.0,True
11294,1.0,1.0,1.0,1.0,0.0,True
11298,1.0,1.0,0.0,1.0,0.0,True
11384,1.0,1.0,1.0,1.0,0.0,True
11386,1.0,0.0,0.0,0.0,0.0,True
11393,0.0,1.0,1.0,1.0,0.0,True
11427,1.0,1.0,1.0,1.0,0.0,True
11429,0.0,1.0,1.0,1.0,0.0,True
11454,1.0,1.0,1.0,1.0,0.0,True
11455,1.0,1.0,1.0,1.0,0.0,True
11458,0.0,1.0,1.0,0.0,0.0,True
11465,0.0,0.0,0.0,0.0,0.0,False
11466,0.0,0.0,0.0,0.0,0.0,False
11467,0.0,0.0,0.0,0.0,0.0,False
11473,1.0,1.0,1.0,1.0,1.0,True
11478,1.0,1.0,1.0,1.0,0.0,True
11481,1.0,1.0,1.0,0.0,0.0,True
11514,1.0,1.0,1.0,1.0,0.0,True
11600,1.0,1.0,1.0,1.0,0.0,True
11615,1.0,1.0,1.0,1.0,0.0,True
11757,1.0,1.0,1.0,1.0,0.0,True
11800,1.0,1.0,1.0,1.0,0.0,True
11808,1.0,1.0,1.0,0.0,0.0,True
11877,1.0,1.0,1.0,1.0,0.0,True
11889,0.0,0.0,0.0,0.0,0.0,False
11890,0.0,1.0,1.0,1.0,0.0,True
11892,0.0,0.0,1.0,0.0,0.0,True
11979,0.0,0.0,0.0,0.0,0.0,False
11993,1.0,1.0,1.0,1.0,0.0,True
11998,1.0,1.0,1.0,1.0,0.0,True
12009,1.0,1.0,1.0,1.0,0.0,True
12043,1.0,1.0,1.0,1.0,0.0,True
12071,1.0,1.0,1.0,1.0,1.0,True
12122,1.0,1.0,1.0,1.0,0.0,True
12130,1.0,1.0,1.0,1.0,0.0,True
12152,0.0,1.0,1.0,1.0,0.0,True
12195,0.0,1.0,1.0,1.0,0.0,True
12205,0.0,1.0,1.0,1.0,1.0,True
12206,0.0,0.0,1.0,1.0,0.0,True
12208,0.0,1.0,1.0,1.0,0.0,True
12243,1.0,1.0,1.0,1.0,0.0,True
12246,0.0,0.0,1.0,1.0,0.0,True
12247,0.0,1.0,1.0,1.0,0.0,True
12250,0.0,1.0,1.0,1.0,0.0,True
12257,1.0,1.0,1.0,1.0,0.0,True
12271,1.0,1.0,1.0,1.0,0.0,True
12275,0.0,1.0,1.0,1.0,0.0,True
12279,1.0,1.0,1.0,0.0,1.0,True
12285,0.0,1.0,1.0,1.0,0.0,True
12293,1.0,1.0,1.0,1.0,0.0,True
12297,1.0,1.0,1.0,1.0,1.0,True
12314,0.0,0.0,0.0,0.0,0.0,False
12325,0.0,0.0,0.0,0.0,0.0,False
12380,0.0,0.0,0.0,0.0,0.0,False
12381,0.0,0.0,0.0,0.0,0.0,False
12402,1.0,1.0,1.0,1.0,0.0,True
12409,1.0,1.0,1.0,1.0,1.0,True
12423,1.0,1.0,1.0,1.0,0.0,True
12434,1.0,1.0,1.0,1.0,0.0,True
12449,0.0,0.0,0.0,0.0,0.0,False
12461,0.0,0.0,0.0,0.0,0.0,False
12462,1.0,1.0,1.0,1.0,1.0,True
12463,1.0,1.0,1.0,1.0,1.0,True
12481,1.0,1.0,1.0,1.0,0.0,True
12546,1.0,1.0,1.0,1.0,0.0,True
12578,1.0,1.0,1.0,1.0,0.0,True
12613,0.0,0.0,1.0,1.0,1.0,True
12614,0.0,0.0,0.0,1.0,1.0,True
12651,1.0,1.0,1.0,1.0,0.0,True
12657,1.0,1.0,1.0,1.0,0.0,True
12664,0.0,0.0,1.0,1.0,0.0,True
12684,1.0,1.0,1.0,1.0,0.0,True
12727,1.0,1.0,1.0,1.0,0.0,True
12745,1.0,1.0,1.0,1.0,0.0,True
12759,0.0,1.0,1.0,1.0,0.0,True
12764,1.0,1.0,1.0,1.0,0.0,True
12766,0.0,1.0,1.0,1.0,0.0,True
12767,1.0,1.0,1.0,1.0,1.0,True
12774,1.0,1.0,1.0,1.0,1.0,True
12807,1.0,1.0,1.0,1.0,1.0,True
12816,0.0,0.0,0.0,0.0,0.0,False
12827,1.0,1.0,1.0,1.0,0.0,True
12834,1.0,1.0,1.0,1.0,0.0,True
12863,1.0,1.0,1.0,1.0,1.0,True
12876,0.0,1.0,1.0,1.0,0.0,True
12890,1.0,0.0,0.0,0.0,0.0,True
12911,0.0,0.0,0.0,0.0,0.0,False
12912,1.0,1.0,1.0,1.0,0.0,True
12936,1.0,1.0,1.0,1.0,0.0,True
12937,0.0,0.0,0.0,0.0,0.0,False
12947,1.0,1.0,1.0,1.0,0.0,True
12953,1.0,1.0,1.0,1.0,0.0,True
13010,0.0,1.0,1.0,1.0,0.0,True
13052,1.0,1.0,1.0,1.0,1.0,True
13073,0.0,0.0,0.0,0.0,0.0,False
13115,0.0,0.0,0.0,0.0,0.0,False
13135,0.0,0.0,1.0,1.0,0.0,True
13138,1.0,1.0,1.0,1.0,0.0,True
13166,1.0,1.0,1.0,1.0,0.0,True
13235,1.0,1.0,1.0,1.0,0.0,True
13310,0.0,0.0,0.0,0.0,0.0,False
13347,1.0,1.0,1.0,1.0,0.0,True
13358,1.0,1.0,1.0,1.0,0.0,True
13371,1.0,1.0,1.0,1.0,0.0,True
13376,1.0,1.0,1.0,1.0,0.0,True
13380,1.0,1.0,1.0,1.0,0.0,True
13418,0.0,0.0,0.0,0.0,0.0,False
13421,1.0,1.0,1.0,1.0,0.0,True
13444,0.0,1.0,1.0,1.0,0.0,True
13456,0.0,1.0,1.0,1.0,0.0,True
13470,1.0,1.0,1.0,1.0,0.0,True
13479,1.0,1.0,1.0,1.0,0.0,True
13480,0.0,1.0,1.0,1.0,1.0,True
13500,1.0,1.0,1.0,1.0,0.0,True
13503,0.0,0.0,0.0,0.0,0.0,False
13504,1.0,1.0,1.0,1.0,0.0,True
13506,1.0,1.0,1.0,1.0,0.0,True
13509,0.0,0.0,0.0,0.0,0.0,False
13517,1.0,1.0,1.0,1.0,0.0,True
13524,0.0,1.0,1.0,1.0,1.0,True
13530,0.0,0.0,0.0,1.0,0.0,True
13535,0.0,1.0,1.0,0.0,0.0,True
13559,0.0,0.0,0.0,0.0,0.0,False
13568,1.0,1.0,1.0,1.0,0.0,True
13579,0.0,0.0,0.0,0.0,0.0,False
13643,1.0,1.0,1.0,1.0,1.0,True
13721,1.0,1.0,1.0,1.0,0.0,True
13740,0.0,0.0,0.0,0.0,0.0,False
13761,1.0,1.0,1.0,1.0,0.0,True
13908,1.0,1.0,1.0,1.0,0.0,True
13912,0.0,1.0,1.0,1.0,1.0,True
13924,0.0,1.0,1.0,1.0,0.0,True
13941,0.0,1.0,1.0,1.0,0.0,True
13955,1.0,1.0,1.0,1.0,0.0,True
13961,1.0,1.0,1.0,1.0,0.0,True
13987,1.0,1.0,0.0,0.0,0.0,True
13995,1.0,1.0,1.0,1.0,0.0,True
14121,0.0,0.0,0.0,0.0,0.0,False
14130,1.0,1.0,1.0,1.0,0.0,True
14152,1.0,1.0,1.0,1.0,0.0,True
14192,1.0,1.0,1.0,1.0,1.0,True
14220,1.0,1.0,1.0,1.0,0.0,True
14238,1.0,1.0,1.0,1.0,0.0,True
14251,1.0,1.0,1.0,1.0,0.0,True
14343,1.0,1.0,1.0,1.0,0.0,True
14351,0.0,0.0,1.0,0.0,0.0,True
14373,0.0,1.0,1.0,1.0,0.0,True
14385,0.0,0.0,0.0,0.0,0.0,False
14392,1.0,1.0,1.0,1.0,1.0,True
14450,1.0,1.0,1.0,1.0,1.0,True
14458,1.0,1.0,1.0,1.0,0.0,True
14462,1.0,1.0,1.0,1.0,1.0,True
14466,1.0,1.0,1.0,1.0,0.0,True
14478,0.0,0.0,0.0,0.0,0.0,False
14544,0.0,0.0,0.0,0.0,0.0,False
14545,1.0,1.0,1.0,1.0,0.0,True
14548,1.0,1.0,1.0,1.0,0.0,True
14553,1.0,1.0,1.0,1.0,0.0,True
14574,0.0,1.0,1.0,0.0,0.0,True
14580,0.0,1.0,1.0,0.0,1.0,True
14636,0.0,1.0,1.0,1.0,0.0,True
14639,1.0,1.0,1.0,1.0,0.0,True
14658,0.0,0.0,0.0,0.0,0.0,False
14660,1.0,1.0,1.0,1.0,0.0,True
14664,0.0,1.0,1.0,1.0,0.0,True
14712,0.0,0.0,1.0,1.0,0.0,True
14713,0.0,1.0,1.0,1.0,0.0,True
14719,1.0,1.0,1.0,1.0,0.0,True
14751,1.0,1.0,0.0,0.0,0.0,True
14795,1.0,1.0,1.0,1.0,1.0,True
14802,0.0,1.0,1.0,1.0,0.0,True
14807,1.0,1.0,1.0,1.0,0.0,True
14818,1.0,1.0,1.0,1.0,0.0,True
14828,1.0,1.0,1.0,1.0,0.0,True
14834,0.0,0.0,0.0,0.0,0.0,False
14862,1.0,1.0,1.0,1.0,0.0,True
14870,0.0,0.0,0.0,0.0,0.0,False
14877,1.0,1.0,1.0,1.0,0.0,True
14899,0.0,1.0,1.0,1.0,0.0,True
14901,1.0,1.0,1.0,1.0,0.0,True
14936,1.0,1.0,1.0,1.0,0.0,True
14937,1.0,1.0,1.0,1.0,0.0,True
14946,1.0,1.0,1.0,1.0,0.0,True
14949,0.0,0.0,0.0,0.0,0.0,False
14953,0.0,0.0,0.0,1.0,0.0,True
14955,1.0,1.0,1.0,0.0,0.0,True
14959,1.0,1.0,1.0,0.0,0.0,True
14962,0.0,0.0,0.0,0.0,0.0,False
14978,0.0,0.0,0.0,0.0,0.0,False
15005,1.0,1.0,1.0,1.0,0.0,True
15020,0.0,1.0,1.0,1.0,0.0,True
15027,0.0,1.0,1.0,1.0,0.0,True
15056,1.0,1.0,1.0,1.0,0.0,True
15058,1.0,1.0,1.0,1.0,0.0,True
15078,0.0,0.0,0.0,0.0,0.0,False
15086,0.0,1.0,1.0,1.0,0.0,True
15101,1.0,1.0,1.0,1.0,0.0,True
15103,0.0,0.0,0.0,0.0,0.0,False
15119,1.0,1.0,1.0,1.0,0.0,True
15136,1.0,1.0,1.0,1.0,0.0,True
15138,1.0,1.0,1.0,1.0,0.0,True
15159,0.0,1.0,1.0,1.0,0.0,True
15161,1.0,1.0,1.0,1.0,0.0,True
15162,1.0,1.0,1.0,1.0,0.0,True
15178,1.0,1.0,1.0,1.0,0.0,True
15182,0.0,0.0,0.0,0.0,0.0,False
15201,1.0,1.0,1.0,1.0,1.0,True
15234,1.0,1.0,1.0,1.0,0.0,True
15235,1.0,1.0,1.0,1.0,0.0,True
15259,1.0,1.0,0.0,1.0,0.0,True
15260,0.0,1.0,1.0,1.0,0.0,True
15278,1.0,1.0,1.0,1.0,0.0,True
15281,1.0,1.0,1.0,1.0,0.0,True
15295,1.0,1.0,1.0,1.0,0.0,True
15303,0.0,0.0,0.0,0.0,0.0,False
15304,0.0,0.0,0.0,0.0,0.0,False
15390,0.0,1.0,1.0,1.0,0.0,True
15394,1.0,1.0,1.0,1.0,0.0,True
15400,1.0,1.0,1.0,1.0,0.0,True
15415,0.0,0.0,0.0,0.0,0.0,False
15419,0.0,1.0,1.0,1.0,0.0,True
15451,1.0,1.0,1.0,1.0,0.0,True
15464,0.0,0.0,0.0,0.0,0.0,False
15470,1.0,1.0,1.0,1.0,1.0,True
15479,1.0,1.0,1.0,1.0,0.0,True
15500,0.0,0.0,0.0,0.0,0.0,False
15501,0.0,0.0,0.0,0.0,0.0,False
15583,1.0,1.0,1.0,1.0,0.0,True
15605,0.0,0.0,0.0,0.0,0.0,False
15614,1.0,1.0,1.0,1.0,0.0,True
15788,1.0,1.0,1.0,1.0,0.0,True
15798,1.0,1.0,1.0,1.0,0.0,True
15811,0.0,0.0,1.0,1.0,0.0,True
15813,1.0,1.0,1.0,1.0,0.0,True
15814,0.0,0.0,0.0,0.0,0.0,False
15819,1.0,1.0,1.0,1.0,1.0,True
15880,0.0,1.0,1.0,1.0,0.0,True
15910,1.0,1.0,1.0,1.0,0.0,True
15913,1.0,1.0,1.0,1.0,1.0,True
15961,0.0,0.0,0.0,0.0,0.0,False
15981,0.0,0.0,0.0,0.0,0.0,False
16016,0.0,0.0,0.0,0.0,0.0,False
16018,1.0,1.0,1.0,1.0,0.0,True
16022,0.0,0.0,0.0,0.0,0.0,False
16023,0.0,1.0,1.0,1.0,0.0,True
16030,1.0,1.0,0.0,1.0,0.0,True
16031,1.0,1.0,1.0,1.0,0.0,True
16110,0.0,1.0,1.0,1.0,0.0,True
16111,0.0,0.0,1.0,1.0,0.0,True
16230,1.0,1.0,1.0,1.0,0.0,True
16319,1.0,1.0,1.0,1.0,0.0,True
16390,0.0,0.0,0.0,0.0,0.0,False
16391,0.0,1.0,1.0,1.0,0.0,True
16401,1.0,1.0,1.0,1.0,0.0,True
16403,1.0,1.0,1.0,1.0,0.0,True
16443,1.0,1.0,1.0,1.0,0.0,True
16466,1.0,0.0,0.0,0.0,0.0,True
16471,0.0,0.0,0.0,0.0,0.0,False
16477,0.0,0.0,0.0,1.0,0.0,True
16493,0.0,0.0,0.0,0.0,0.0,False
16500,1.0,1.0,1.0,1.0,0.0,True
16503,1.0,1.0,1.0,1.0,0.0,True
16540,0.0,0.0,0.0,0.0,0.0,False
16545,0.0,0.0,0.0,0.0,0.0,False
16561,0.0,0.0,0.0,0.0,0.0,False
16565,0.0,0.0,0.0,0.0,0.0,False
16568,0.0,1.0,1.0,1.0,0.0,True
16575,1.0,0.0,0.0,0.0,0.0,True
16608,0.0,1.0,1.0,1.0,0.0,True
16611,1.0,1.0,1.0,1.0,0.0,True
16627,0.0,0.0,0.0,0.0,0.0,False
16702,0.0,1.0,0.0,1.0,0.0,True
16720,1.0,1.0,1.0,1.0,0.0,True
16723,1.0,1.0,1.0,1.0,0.0,True
16766,1.0,1.0,1.0,1.0,1.0,True
16769,1.0,1.0,1.0,1.0,0.0,True
16778,1.0,1.0,1.0,1.0,0.0,True
16797,0.0,0.0,0.0,0.0,0.0,False
16798,0.0,0.0,0.0,0.0,0.0,False
16799,0.0,0.0,0.0,0.0,0.0,False
16800,0.0,0.0,0.0,0.0,0.0,False
16801,0.0,0.0,0.0,0.0,0.0,False
16803,0.0,0.0,0.0,0.0,0.0,False
16804,0.0,0.0,0.0,0.0,0.0,False
16817,1.0,1.0,1.0,1.0,0.0,True
16819,1.0,1.0,1.0,0.0,1.0,True
16849,0.0,1.0,1.0,1.0,0.0,True
16864,0.0,0.0,0.0,0.0,0.0,False
16876,0.0,0.0,0.0,0.0,0.0,False
16882,1.0,1.0,1.0,1.0,1.0,True
16914,1.0,1.0,1.0,1.0,0.0,True
16925,1.0,0.0,1.0,1.0,0.0,True
16956,1.0,1.0,1.0,1.0,0.0,True
16968,0.0,0.0,0.0,0.0,0.0,False
16998,0.0,0.0,0.0,0.0,0.0,False
17002,1.0,1.0,1.0,1.0,1.0,True
17013,1.0,1.0,1.0,1.0,0.0,True
17018,1.0,1.0,0.0,1.0,0.0,True
17020,1.0,1.0,1.0,1.0,1.0,True
17063,1.0,1.0,1.0,1.0,0.0,True
17071,0.0,0.0,0.0,0.0,0.0,False
17098,0.0,0.0,0.0,0.0,0.0,False
17136,0.0,0.0,0.0,0.0,0.0,False
17138,0.0,1.0,1.0,1.0,0.0,True
17150,0.0,1.0,1.0,1.0,0.0,True
17202,1.0,1.0,1.0,1.0,0.0,True
17293,0.0,0.0,0.0,0.0,0.0,False
17338,1.0,1.0,1.0,1.0,0.0,True
17346,0.0,1.0,1.0,1.0,0.0,True
17364,1.0,1.0,1.0,1.0,0.0,True
17422,1.0,1.0,1.0,1.0,0.0,True
17424,0.0,1.0,1.0,1.0,0.0,True
17427,0.0,0.0,1.0,1.0,1.0,True
17440,1.0,1.0,1.0,1.0,0.0,True
17448,1.0,1.0,1.0,0.0,0.0,True
17455,1.0,1.0,1.0,1.0,0.0,True
17464,0.0,1.0,1.0,1.0,0.0,True
17467,1.0,1.0,1.0,1.0,0.0,True
17557,1.0,1.0,1.0,1.0,0.0,True
17592,1.0,1.0,1.0,1.0,0.0,True
17602,0.0,0.0,0.0,0.0,0.0,False
17603,0.0,0.0,0.0,0.0,0.0,False
17623,0.0,1.0,1.0,1.0,0.0,True
17626,1.0,1.0,1.0,1.0,0.0,True
17638,1.0,1.0,1.0,1.0,0.0,True
17641,0.0,0.0,0.0,0.0,0.0,False
17664,1.0,1.0,1.0,1.0,0.0,True
17669,0.0,0.0,0.0,0.0,0.0,False
17670,0.0,0.0,0.0,0.0,0.0,False
17694,0.0,0.0,0.0,0.0,0.0,False
17699,0.0,0.0,0.0,0.0,0.0,False
17731,1.0,1.0,1.0,1.0,0.0,True
17732,1.0,1.0,1.0,1.0,0.0,True
17735,1.0,1.0,1.0,0.0,0.0,True
17738,1.0,1.0,1.0,1.0,0.0,True
17783,1.0,1.0,1.0,1.0,1.0,True
17793,0.0,0.0,0.0,0.0,0.0,False
17849,1.0,1.0,0.0,0.0,0.0,True
17857,0.0,0.0,0.0,0.0,0.0,False
17871,0.0,0.0,0.0,0.0,0.0,False
17883,1.0,1.0,1.0,1.0,0.0,True
17891,0.0,0.0,0.0,0.0,0.0,False
17948,1.0,1.0,1.0,1.0,0.0,True
17997,1.0,1.0,1.0,1.0,1.0,True
18024,1.0,1.0,1.0,1.0,1.0,True
18062,1.0,1.0,1.0,1.0,0.0,True
18087,1.0,1.0,1.0,1.0,0.0,True
18095,1.0,1.0,1.0,1.0,0.0,True
18096,1.0,1.0,1.0,1.0,0.0,True
18131,0.0,0.0,0.0,0.0,0.0,False
18147,1.0,1.0,0.0,1.0,0.0,True
18152,1.0,1.0,1.0,0.0,0.0,True
18157,1.0,1.0,1.0,1.0,0.0,True
18158,1.0,1.0,1.0,1.0,0.0,True
18159,1.0,1.0,1.0,1.0,0.0,True
18160,1.0,0.0,1.0,1.0,0.0,True
18161,1.0,1.0,1.0,1.0,0.0,True
18162,1.0,1.0,1.0,0.0,0.0,True
18164,0.0,0.0,0.0,0.0,0.0,False
18166,1.0,1.0,1.0,1.0,0.0,True
18167,1.0,1.0,1.0,1.0,0.0,True
18168,0.0,0.0,0.0,0.0,0.0,False
18192,0.0,0.0,1.0,0.0,0.0,True
18194,1.0,1.0,1.0,1.0,1.0,True
18209,0.0,1.0,1.0,1.0,0.0,True
18217,1.0,1.0,1.0,1.0,0.0,True
18223,0.0,0.0,0.0,0.0,0.0,False
18340,1.0,1.0,1.0,1.0,1.0,True
18367,1.0,1.0,1.0,1.0,0.0,True
18429,1.0,1.0,1.0,1.0,0.0,True
18502,1.0,1.0,1.0,1.0,1.0,True
18504,1.0,1.0,1.0,1.0,1.0,True
18512,0.0,1.0,1.0,1.0,0.0,True
18518,1.0,1.0,1.0,1.0,0.0,True
18520,1.0,1.0,1.0,1.0,0.0,True
18521,1.0,1.0,1.0,1.0,0.0,True
18525,1.0,1.0,1.0,1.0,0.0,True
18536,1.0,1.0,1.0,1.0,0.0,True
18544,0.0,1.0,1.0,1.0,0.0,True
18546,0.0,0.0,0.0,0.0,0.0,False
18552,0.0,0.0,0.0,0.0,0.0,False
18568,0.0,1.0,1.0,1.0,0.0,True
18590,0.0,0.0,0.0,0.0,0.0,False
18632,0.0,0.0,0.0,0.0,0.0,False
18635,0.0,0.0,0.0,1.0,0.0,True
18679,0.0,0.0,0.0,0.0,0.0,False
18786,0.0,1.0,1.0,1.0,0.0,True
18828,1.0,1.0,1.0,1.0,0.0,True
18846,0.0,0.0,1.0,0.0,0.0,True
18849,0.0,0.0,0.0,0.0,0.0,False
18862,0.0,1.0,1.0,1.0,0.0,True
18919,0.0,1.0,0.0,1.0,0.0,True
18923,1.0,1.0,1.0,1.0,0.0,True
18938,0.0,0.0,0.0,0.0,0.0,False
18978,1.0,1.0,1.0,1.0,0.0,True
18991,0.0,0.0,0.0,0.0,0.0,False
18996,1.0,1.0,1.0,1.0,0.0,True
19000,1.0,1.0,1.0,1.0,0.0,True
19005,0.0,0.0,0.0,0.0,0.0,False
19006,1.0,1.0,1.0,1.0,1.0,True
19016,0.0,1.0,1.0,1.0,0.0,True
19027,0.0,0.0,0.0,0.0,0.0,False
19028,1.0,1.0,1.0,1.0,0.0,True
19041,0.0,0.0,0.0,0.0,0.0,False
19061,0.0,0.0,0.0,0.0,0.0,False
19090,1.0,1.0,1.0,1.0,0.0,True
19104,0.0,1.0,1.0,1.0,0.0,True
19110,0.0,0.0,0.0,0.0,0.0,False
19120,0.0,0.0,0.0,0.0,0.0,False
19137,0.0,1.0,1.0,1.0,0.0,True
19156,1.0,1.0,1.0,1.0,0.0,True
19170,1.0,1.0,1.0,1.0,0.0,True
19173,1.0,1.0,1.0,1.0,0.0,True
19176,1.0,1.0,1.0,1.0,1.0,True
19181,1.0,1.0,1.0,1.0,0.0,True
19182,1.0,1.0,1.0,1.0,0.0,True
19200,0.0,1.0,0.0,1.0,0.0,True
19207,1.0,1.0,1.0,1.0,0.0,True
19213,1.0,1.0,1.0,1.0,0.0,True
19240,1.0,1.0,1.0,1.0,0.0,True
19257,1.0,1.0,1.0,1.0,1.0,True
19262,1.0,1.0,1.0,1.0,0.0,True
19265,1.0,1.0,1.0,1.0,0.0,True
19268,1.0,1.0,1.0,1.0,0.0,True
19275,1.0,1.0,1.0,1.0,0.0,True
19297,1.0,1.0,1.0,1.0,0.0,True
19332,0.0,0.0,0.0,0.0,0.0,False
19341,1.0,1.0,1.0,1.0,1.0,True
19373,1.0,1.0,1.0,1.0,0.0,True
19380,1.0,1.0,0.0,1.0,0.0,True
19399,0.0,0.0,0.0,0.0,0.0,False
19404,1.0,1.0,1.0,1.0,0.0,True
19412,0.0,0.0,0.0,0.0,0.0,False
19434,0.0,0.0,0.0,0.0,0.0,False
19436,0.0,0.0,1.0,1.0,0.0,True
19437,1.0,1.0,1.0,1.0,0.0,True
19474,1.0,1.0,1.0,1.0,0.0,True
19476,1.0,1.0,1.0,1.0,0.0,True
19492,1.0,1.0,1.0,1.0,0.0,True
19493,1.0,1.0,1.0,1.0,0.0,True
19511,1.0,1.0,1.0,1.0,0.0,True
19515,0.0,0.0,0.0,0.0,0.0,False
19527,1.0,1.0,0.0,0.0,0.0,True
19528,0.0,0.0,0.0,0.0,0.0,False
19529,1.0,0.0,0.0,0.0,0.0,True
19595,0.0,0.0,0.0,0.0,0.0,False
19598,1.0,1.0,1.0,1.0,0.0,True
19601,0.0,1.0,1.0,1.0,0.0,True
19613,1.0,1.0,1.0,1.0,0.0,True
19616,1.0,1.0,1.0,1.0,0.0,True
19626,1.0,1.0,1.0,1.0,0.0,True
19632,0.0,0.0,0.0,0.0,0.0,False
19658,1.0,1.0,1.0,1.0,0.0,True
19660,0.0,1.0,1.0,1.0,0.0,True
19680,1.0,1.0,1.0,1.0,1.0,True
19693,1.0,1.0,1.0,1.0,0.0,True
19697,0.0,1.0,1.0,1.0,0.0,True
19710,1.0,1.0,1.0,1.0,0.0,True
19773,1.0,1.0,1.0,1.0,0.0,True
19800,1.0,1.0,1.0,1.0,0.0,True
19805,0.0,0.0,0.0,0.0,0.0,False
19806,0.0,0.0,0.0,0.0,0.0,False
19809,0.0,0.0,0.0,0.0,0.0,False
19837,1.0,1.0,1.0,1.0,1.0,True
19852,1.0,1.0,1.0,1.0,1.0,True
19863,1.0,1.0,1.0,1.0,0.0,True
19872,1.0,1.0,1.0,1.0,0.0,True
19921,0.0,0.0,0.0,0.0,0.0,False
19927,0.0,0.0,0.0,0.0,0.0,False
19951,1.0,1.0,1.0,1.0,0.0,True
19957,1.0,1.0,1.0,1.0,0.0,True
20057,0.0,0.0,0.0,0.0,0.0,False
20218,0.0,0.0,0.0,0.0,0.0,False
20255,0.0,0.0,0.0,0.0,0.0,False
20260,1.0,1.0,1.0,1.0,0.0,True
20269,0.0,0.0,0.0,0.0,0.0,False
20272,0.0,0.0,0.0,0.0,0.0,False
20286,0.0,0.0,0.0,0.0,0.0,False
20311,1.0,1.0,1.0,1.0,1.0,True
20314,1.0,1.0,1.0,1.0,0.0,True
20315,1.0,1.0,1.0,1.0,0.0,True
20362,0.0,0.0,0.0,0.0,0.0,False
20444,1.0,0.0,1.0,1.0,0.0,True
20384,1.0,1.0,1.0,1.0,0.0,True
20415,1.0,1.0,1.0,0.0,0.0,True
20416,0.0,1.0,1.0,1.0,0.0,True
20422,1.0,1.0,1.0,1.0,1.0,True
20435,0.0,0.0,0.0,0.0,0.0,False
20448,1.0,1.0,1.0,1.0,0.0,True
20461,1.0,1.0,1.0,1.0,0.0,True
20472,0.0,0.0,0.0,1.0,0.0,True
20473,1.0,1.0,1.0,1.0,0.0,True
20474,0.0,1.0,1.0,1.0,0.0,True
20477,1.0,1.0,1.0,1.0,0.0,True
20486,0.0,1.0,1.0,1.0,0.0,True
20548,0.0,0.0,0.0,0.0,0.0,False
20576,1.0,1.0,1.0,1.0,0.0,True
20579,0.0,0.0,0.0,0.0,0.0,False
20606,0.0,1.0,0.0,1.0,0.0,True
20631,1.0,1.0,1.0,1.0,0.0,True
20650,0.0,0.0,0.0,0.0,0.0,False
20691,1.0,1.0,1.0,1.0,1.0,True
20694,0.0,0.0,0.0,0.0,0.0,False
20702,0.0,1.0,1.0,1.0,0.0,True
20703,1.0,1.0,1.0,1.0,0.0,True
20719,0.0,0.0,0.0,0.0,0.0,False
20726,1.0,1.0,1.0,1.0,0.0,True
20861,0.0,1.0,0.0,0.0,0.0,True
20864,1.0,1.0,1.0,1.0,0.0,True
20873,1.0,1.0,1.0,1.0,0.0,True
20900,1.0,1.0,1.0,1.0,0.0,True
20959,1.0,1.0,1.0,1.0,0.0,True
21031,1.0,1.0,1.0,1.0,0.0,True
21064,1.0,1.0,1.0,1.0,0.0,True
21066,1.0,1.0,1.0,1.0,0.0,True
21096,0.0,0.0,0.0,0.0,0.0,False
21102,0.0,1.0,1.0,1.0,0.0,True
21107,0.0,0.0,0.0,0.0,0.0,False
21115,0.0,0.0,0.0,0.0,0.0,False
21122,0.0,1.0,1.0,1.0,0.0,True
21124,0.0,1.0,1.0,1.0,0.0,True
21139,1.0,1.0,1.0,1.0,0.0,True
21152,0.0,1.0,1.0,0.0,0.0,True
21158,1.0,1.0,1.0,1.0,1.0,True
21160,0.0,0.0,0.0,0.0,0.0,False
21172,1.0,1.0,1.0,1.0,0.0,True
21175,1.0,1.0,0.0,1.0,0.0,True
21610,0.0,0.0,0.0,0.0,0.0,False
21650,1.0,1.0,1.0,1.0,0.0,True
21706,1.0,1.0,1.0,1.0,0.0,True
21816,1.0,1.0,1.0,1.0,0.0,True
21826,1.0,1.0,1.0,1.0,0.0,True
21830,1.0,1.0,1.0,1.0,0.0,True
21831,0.0,0.0,0.0,0.0,0.0,False
21837,0.0,1.0,1.0,1.0,0.0,True
21841,0.0,1.0,1.0,1.0,0.0,True
21846,0.0,1.0,1.0,1.0,0.0,True
21968,0.0,1.0,1.0,1.0,0.0,True
21985,0.0,0.0,0.0,0.0,0.0,False
22042,1.0,1.0,1.0,1.0,0.0,True
22079,0.0,0.0,0.0,0.0,0.0,False
22105,0.0,0.0,0.0,0.0,0.0,False
22178,0.0,0.0,0.0,0.0,0.0,False
22205,0.0,0.0,0.0,0.0,0.0,False
22208,0.0,0.0,0.0,0.0,0.0,False
22227,1.0,1.0,1.0,1.0,0.0,True
22228,0.0,0.0,0.0,0.0,0.0,False
22242,1.0,1.0,1.0,1.0,0.0,True
22256,0.0,0.0,0.0,0.0,0.0,False
22267,0.0,0.0,0.0,0.0,0.0,False
22304,1.0,1.0,1.0,1.0,0.0,True
22324,0.0,1.0,1.0,1.0,1.0,True
22350,1.0,1.0,1.0,1.0,0.0,True
22399,1.0,1.0,1.0,1.0,0.0,True
22405,1.0,1.0,1.0,1.0,0.0,True
22406,0.0,0.0,0.0,0.0,0.0,False
22413,0.0,0.0,0.0,0.0,0.0,False
22426,1.0,1.0,0.0,1.0,0.0,True
22439,0.0,0.0,0.0,0.0,0.0,False
22440,0.0,0.0,0.0,0.0,0.0,False
22442,1.0,1.0,1.0,1.0,0.0,True
22443,1.0,1.0,1.0,1.0,0.0,True
22454,0.0,0.0,0.0,0.0,0.0,False
22457,0.0,1.0,1.0,1.0,0.0,True
22487,0.0,0.0,0.0,0.0,0.0,False
22505,1.0,1.0,1.0,1.0,0.0,True
22643,0.0,0.0,0.0,0.0,0.0,False
22660,0.0,0.0,0.0,0.0,0.0,False
22667,0.0,0.0,0.0,0.0,0.0,False
22714,0.0,0.0,0.0,0.0,0.0,False
22724,1.0,1.0,1.0,1.0,0.0,True
22730,1.0,1.0,1.0,1.0,0.0,True
22732,1.0,1.0,1.0,1.0,0.0,True
22748,1.0,1.0,1.0,1.0,0.0,True
22762,0.0,0.0,0.0,0.0,0.0,False
22803,1.0,1.0,1.0,1.0,0.0,True
22806,1.0,1.0,1.0,1.0,0.0,True
22812,0.0,0.0,0.0,1.0,1.0,True
22825,1.0,1.0,1.0,1.0,0.0,True
22836,1.0,1.0,1.0,1.0,0.0,True
22856,0.0,1.0,1.0,1.0,0.0,True
22878,1.0,1.0,1.0,1.0,0.0,True
22903,1.0,1.0,1.0,1.0,0.0,True
22969,1.0,1.0,1.0,1.0,0.0,True
22984,1.0,1.0,1.0,1.0,0.0,True
22992,1.0,1.0,1.0,1.0,1.0,True
23020,1.0,1.0,1.0,1.0,0.0,True
23038,0.0,1.0,1.0,1.0,0.0,True
23061,1.0,1.0,1.0,1.0,0.0,True
23069,1.0,1.0,1.0,0.0,0.0,True
23073,0.0,1.0,1.0,1.0,0.0,True
23125,1.0,1.0,0.0,1.0,0.0,True
23131,0.0,1.0,1.0,1.0,0.0,True
23142,0.0,0.0,0.0,0.0,0.0,False
23145,1.0,1.0,1.0,1.0,0.0,True
23150,0.0,0.0,0.0,0.0,0.0,False
23210,0.0,1.0,1.0,1.0,0.0,True
23211,1.0,1.0,1.0,1.0,0.0,True
23273,0.0,0.0,0.0,0.0,0.0,False
23274,0.0,0.0,0.0,0.0,0.0,False
23284,0.0,0.0,0.0,0.0,0.0,False
23285,0.0,0.0,0.0,0.0,0.0,False
23290,0.0,1.0,1.0,1.0,0.0,True
23360,0.0,0.0,0.0,0.0,0.0,False
23386,1.0,1.0,1.0,1.0,1.0,True
23416,0.0,0.0,0.0,0.0,0.0,False
23447,0.0,0.0,0.0,0.0,0.0,False
23473,1.0,1.0,1.0,1.0,0.0,True
23484,0.0,0.0,0.0,0.0,0.0,False
23486,1.0,1.0,1.0,1.0,0.0,True
23490,0.0,0.0,0.0,0.0,0.0,False
23492,0.0,0.0,0.0,0.0,0.0,False
23493,0.0,0.0,0.0,0.0,0.0,False
23494,0.0,0.0,0.0,0.0,0.0,False
3649,0.0,0.0,1.0,1.0,0.0,True
23512,1.0,0.0,0.0,0.0,0.0,True
23539,0.0,0.0,0.0,0.0,0.0,False
23558,1.0,1.0,1.0,1.0,0.0,True
23585,1.0,1.0,1.0,1.0,0.0,True
23590,0.0,0.0,0.0,0.0,0.0,False
23591,0.0,1.0,1.0,1.0,0.0,True
23592,0.0,0.0,0.0,0.0,0.0,False
23665,1.0,1.0,1.0,1.0,0.0,True
23685,1.0,0.0,0.0,1.0,0.0,True
23696,0.0,0.0,0.0,0.0,0.0,False
23738,1.0,1.0,1.0,1.0,0.0,True
23806,1.0,0.0,1.0,1.0,0.0,True
23812,1.0,0.0,1.0,1.0,0.0,True
23842,0.0,0.0,0.0,0.0,0.0,False
23856,1.0,1.0,1.0,1.0,0.0,True
23870,1.0,1.0,1.0,1.0,0.0,True
23875,1.0,1.0,1.0,1.0,0.0,True
23904,0.0,1.0,1.0,1.0,0.0,True
23934,0.0,0.0,0.0,0.0,0.0,False
23943,0.0,0.0,0.0,0.0,0.0,False
23952,0.0,0.0,0.0,0.0,0.0,False
23973,1.0,1.0,1.0,1.0,1.0,True
24004,1.0,1.0,1.0,1.0,0.0,True
24008,0.0,1.0,1.0,0.0,0.0,True
24044,0.0,0.0,0.0,0.0,0.0,False
24088,0.0,0.0,0.0,0.0,0.0,False
24099,1.0,1.0,1.0,1.0,0.0,True
24139,0.0,0.0,0.0,0.0,0.0,False
24155,0.0,1.0,1.0,1.0,0.0,True
24178,1.0,1.0,1.0,1.0,0.0,True
24180,0.0,0.0,0.0,0.0,0.0,False
24190,1.0,1.0,1.0,1.0,0.0,True
24207,0.0,0.0,0.0,0.0,0.0,False
24459,1.0,1.0,1.0,1.0,0.0,True
24460,0.0,0.0,0.0,0.0,0.0,False
24461,1.0,1.0,0.0,1.0,0.0,True
24469,0.0,1.0,1.0,1.0,0.0,True
24475,0.0,1.0,1.0,1.0,0.0,True
24483,0.0,0.0,0.0,0.0,0.0,False
24485,1.0,1.0,1.0,1.0,1.0,True
24486,0.0,0.0,0.0,0.0,0.0,False
24493,0.0,0.0,0.0,0.0,0.0,False
24529,0.0,0.0,0.0,0.0,0.0,False
24532,0.0,0.0,0.0,0.0,0.0,False
24552,0.0,0.0,0.0,0.0,0.0,False
24553,0.0,0.0,0.0,0.0,0.0,False
24561,1.0,1.0,1.0,1.0,0.0,True
24572,1.0,1.0,1.0,1.0,0.0,True
24613,1.0,1.0,1.0,1.0,0.0,True
24617,1.0,1.0,0.0,1.0,0.0,True
24671,0.0,0.0,0.0,0.0,0.0,False
24696,1.0,1.0,1.0,1.0,0.0,True
24732,1.0,1.0,1.0,1.0,0.0,True
24748,0.0,1.0,1.0,1.0,0.0,True
24766,0.0,0.0,0.0,0.0,0.0,False
24856,1.0,1.0,1.0,1.0,0.0,True
24870,1.0,1.0,1.0,1.0,0.0,True
24900,0.0,1.0,1.0,1.0,0.0,True
24954,1.0,1.0,1.0,1.0,0.0,True
24984,0.0,0.0,0.0,0.0,0.0,False
24987,0.0,1.0,1.0,1.0,0.0,True
25014,1.0,1.0,1.0,1.0,0.0,True
25111,0.0,0.0,0.0,0.0,0.0,False
25125,0.0,1.0,1.0,1.0,0.0,True
25132,0.0,0.0,0.0,0.0,0.0,False
25219,1.0,1.0,1.0,1.0,0.0,True
25298,0.0,0.0,0.0,0.0,0.0,False
25308,0.0,0.0,0.0,0.0,0.0,False
25309,0.0,1.0,0.0,1.0,0.0,True
25345,1.0,1.0,1.0,1.0,0.0,True
25346,0.0,1.0,1.0,1.0,0.0,True
25353,1.0,1.0,1.0,1.0,0.0,True
25359,1.0,1.0,1.0,1.0,0.0,True
25370,1.0,1.0,1.0,1.0,0.0,True
25448,1.0,1.0,0.0,1.0,0.0,True
25468,1.0,1.0,1.0,0.0,0.0,True
25472,0.0,0.0,0.0,0.0,0.0,False
25495,0.0,0.0,0.0,0.0,0.0,False
25500,1.0,1.0,1.0,1.0,0.0,True
25501,0.0,1.0,0.0,1.0,0.0,True
25568,0.0,0.0,0.0,0.0,0.0,False
25571,1.0,1.0,1.0,1.0,0.0,True
25576,0.0,0.0,0.0,0.0,0.0,False
25628,0.0,0.0,0.0,0.0,0.0,False
25635,0.0,0.0,0.0,0.0,0.0,False
25639,0.0,1.0,0.0,1.0,0.0,True
25739,1.0,1.0,1.0,1.0,0.0,True
25744,1.0,1.0,1.0,1.0,0.0,True
25757,1.0,1.0,1.0,1.0,1.0,True
25755,1.0,1.0,1.0,1.0,0.0,True
25796,0.0,0.0,0.0,0.0,0.0,False
25799,1.0,1.0,1.0,1.0,0.0,True
25815,1.0,1.0,1.0,1.0,0.0,True
25978,0.0,1.0,1.0,1.0,0.0,True
25982,0.0,1.0,1.0,1.0,0.0,True
25985,0.0,0.0,0.0,0.0,0.0,False
26003,0.0,0.0,0.0,0.0,0.0,False
